x,y,z,index
0.34647557,0.2444988,-0.4094523,68441
0.13071828,0.38652092,-0.40784454,90971
-0.08994264,0.19396637,-0.72151625,1383
0.29392144,0.30362847,-0.40654698,169752
0.32561323,-0.075527124,-0.42597216,495909
0.24221115,-0.14389323,-0.4193977,232989
0.1154598,0.34743786,-0.4117794,31893
0.28118202,0.282772,-0.4117684,34088
0.38136235,0.0026296098,-0.41105482,463519
0.03372504,0.15039395,-0.69505775,165408
0.0014377992,0.3833506,-0.40275225,472244
0.21346278,0.18078353,-0.4169217,234855
0.26993847,0.20610364,-0.60421133,312208
0.13264115,0.22842193,-0.41613364,125063
0.32029316,-0.15462849,-0.41325858,265558
-0.038190864,0.21214327,-0.6892582,96123
0.11541488,-0.151388,-0.41146356,316048
-0.11937236,0.1483775,-0.43340284,456980
0.32508042,-0.065863885,-0.41867712,452724
-0.18072185,-0.1424582,-0.42124322,183110
-0.24280675,0.14349455,-0.41083485,466472
-0.13192835,0.0633913,-0.41147813,214637
0.4022604,0.09593248,-0.4141415,31440
0.11601912,0.21168685,-0.4065687,482985
-0.17119671,0.050759554,-0.41771424,220506
0.050891116,0.21886681,-0.41782558,211244
0.16870835,-0.2023465,-0.41564143,17755
0.001069226,-0.090677515,-0.41483352,209709
0.22278695,-0.12566666,-0.40948054,144782
0.325198,0.07338597,-0.40808478,287137
0.15340328,0.19156303,-0.41331515,229710
-0.18375358,-0.12648597,-0.41538128,8980
0.015424935,0.1717542,-0.6936926,239624
0.2930907,-0.13905834,-0.4091983,470313
0.1749255,0.26462966,-0.41153163,53551
-0.08448992,0.24208668,-0.4190861,59756
0.12177201,0.2417079,-0.41246417,253504
0.22228584,0.23533429,-0.4171586,48772
-0.048654694,0.10629653,-0.4090749,329531
0.35117206,0.18459095,-0.40983346,20476
0.13126735,-0.22274664,-0.41591424,351684
0.23832361,0.17712072,-0.43132693,159655
0.15604688,0.3712765,-0.4115486,17626
-0.23053473,0.1016019,-0.41158137,283190
0.27666688,0.071990736,-0.40830123,4644
0.010026896,0.3115936,-0.40893224,91884
-0.172249,0.24370207,-0.4109285,251610
0.2584916,0.23238891,-0.4044635,286140
-0.1734972,-0.11537324,-0.42293334,279894
-0.1941721,-0.102557264,-0.4210886,40248
0.10823064,-0.19761723,-0.42642778,194949
0.26959506,-0.029780677,-0.42349985,66404
0.2686579,-0.13252892,-0.4157219,451764
-0.20659904,0.18942298,-0.41770962,284590
0.2269454,0.06621598,-0.4148466,238100
0.12847677,0.38871962,-0.40361825,56365
-0.04239431,0.23295519,-0.41873324,63826
-0.2259892,0.18218152,-0.40938896,467184
-0.23063311,0.14656337,-0.41670898,446142
0.10249708,-0.080450274,-0.41522178,239815
0.11282693,0.37493235,-0.40330076,80801
0.22574775,0.22680683,-0.4055878,260376
-0.22120614,-0.0002162979,-0.4157359,188256
0.29840198,0.2388145,-0.41440824,219819
-0.13605818,0.22820559,-0.4084342,5791
-0.14040227,0.08475311,-0.4169283,261255
0.006096557,0.36763597,-0.4093798,263133
0.23953724,0.33666384,-0.4086509,265615
0.0859799,0.08601992,-0.69965154,66310
0.22142446,0.3422974,-0.4128395,194630
0.15409729,-0.23069902,-0.4221537,39602
0.3355846,0.115448974,-0.40775615,467538
0.2268873,0.05132798,-0.4101383,466497
-0.24218114,0.033124946,-0.4209509,328732
-0.20679937,0.15166019,-0.41332316,226402
-0.19269624,-0.08520758,-0.4146927,329460
-0.10917624,0.062294625,-0.4142017,449634
0.37511736,0.18739173,-0.41332534,44515
-0.14764628,0.11802774,-0.4271817,165293
0.38231397,0.121137775,-0.40873083,467038
-0.16853754,-0.0756842,-0.7158406,123793
0.22376086,0.3263483,-0.41611427,167870
-0.09011484,0.14623842,-0.4372771,496884
-0.1715875,-0.022641694,-0.41396326,464196
0.10464317,-0.07844315,-0.41075805,433339
0.02122731,0.100911245,-0.7273048,104257
0.18582897,0.1406353,-0.6883448,3744
-0.05777831,0.25292417,-0.6512132,4263
0.019404864,-0.24186876,-0.4162147,138670
0.091508344,0.1944703,-0.40666118,364172
0.14750178,-0.10199609,-0.42785162,107868
0.3130151,-0.09039555,-0.41881186,79542
0.13452463,0.36095557,-0.4115376,88115
0.012965387,-0.044040952,-0.72405386,322
-0.05542871,-0.16059808,-0.4249903,27770
-0.10141132,-0.033151533,-0.42144004,41312
-0.08191405,0.2993185,-0.6952361,14212
0.101798184,0.26315,-0.41368827,107304
0.130341,0.25949958,-0.40491298,391205
0.31045428,0.22828041,-0.41572392,158625
0.012597885,0.011964473,-0.70592576,166620
-0.028737433,0.20131193,-0.684091,489528
0.20570378,-0.12598267,-0.6252968,11433
-0.047805082,0.34113526,-0.4047069,451384
-0.07852442,0.13842994,-0.4090711,308964
0.24542195,-0.1543662,-0.40957323,454532
-0.19097129,0.14197282,-0.41078115,182276
-0.0030818146,0.26600105,-0.4042429,126036
0.16955653,0.16233753,-0.4067854,224339
0.15771148,-0.03978451,-0.4127721,394853
-0.033574495,-0.086251855,-0.7350697,2859
0.21307535,0.17861748,-0.69910157,92589
-0.16942193,0.23307699,-0.4086809,89976
0.31050214,0.2700276,-0.4139388,416664
-0.08078079,-0.008873618,-0.41264462,126583
0.24913268,-0.15288988,-0.41444853,79897
-0.06454417,0.2768747,-0.41072783,467379
-0.16409823,0.15270938,-0.4265144,102674
0.25088495,0.34760177,-0.40597573,479414
-0.08166074,0.1673279,-0.4220112,149334
-0.06502328,-0.10316682,-0.41922894,3934
-0.23508517,0.03011131,-0.4227733,237618
0.2224086,0.15630557,-0.7038669,102977
-0.16958165,0.038194284,-0.42967358,63589
-0.06464552,-0.22280577,-0.41849333,34627
-0.11169496,0.19994386,-0.41983745,169822
0.28971127,0.22993891,-0.41313428,273345
-0.09483642,0.2170993,-0.71976554,123934
-0.123780854,0.110185236,-0.40911576,26041
-0.17747499,0.3528568,-0.71931434,320260
0.2611831,-0.10730452,-0.7281222,286382
-0.008443573,0.30097753,-0.40582561,209292
0.024729999,0.3898347,-0.40675402,265026
0.26532483,0.2517011,-0.41249284,7871
-0.04202157,-0.115368895,-0.42000607,261328
0.12022499,0.197561,-0.40678,264065
-0.1912472,-0.030170944,-0.41450208,307658
-0.088643186,0.07141293,-0.42845884,163931
0.2591077,-0.11417438,-0.41997188,244181
-0.046236012,0.3704911,-0.40095988,467387
-0.120758645,0.050926886,-0.4217072,212496
0.009888745,0.3850016,-0.40606928,49709
0.32279277,0.030129645,-0.40865538,260968
-0.042478617,0.31364104,-0.7155041,211625
0.021116856,0.184625,-0.40649787,419249
0.17283845,-0.2070819,-0.41417372,388067
0.2622281,0.1907437,-0.457213,15803
0.29654416,0.19358452,-0.41163275,61146
-0.09307064,-0.18022197,-0.41575554,431722
0.15856373,-0.17150633,-0.41171107,446211
-0.09376869,0.18150379,-0.41715685,282671
-0.23789674,0.034829706,-0.41866297,209841
0.17695767,0.17053318,-0.4109105,318839
-0.19718114,0.039546654,-0.4192634,143449
-0.12460041,0.07713718,-0.4240281,211365
-0.18860227,0.2387415,-0.41496882,282691
0.16634561,-0.101313956,-0.7236707,384893
-0.09874835,-0.11366548,-0.41396603,222103
-0.13829784,-0.13535118,-0.41449028,438378
-0.14120409,-0.026438057,-0.4148753,154205
-0.25414106,0.08111888,-0.4128512,466558
0.058055345,-0.11026203,-0.43606594,148802
0.15712486,-0.19686005,-0.42212856,191538
-0.0873467,0.20263912,-0.40627557,282394
0.13293317,-0.00018209376,-0.6894076,349476
-0.21504512,-0.08818348,-0.4200267,470541
0.084362134,-0.06894502,-0.41125676,258789
-0.08511525,0.1921758,-0.41401076,116130
0.09201024,-0.25991675,-0.4178145,283631
0.0023805823,-0.18800059,-0.4241098,130067
0.2650238,0.32866603,-0.4099677,161194
0.2147148,0.080994345,-0.41314176,14315
-0.15411252,0.23228215,-0.41368112,15113
-0.02494636,-0.044761013,-0.41328606,399110
-0.16750655,0.16981524,-0.41821644,34110
0.26077083,0.15000324,-0.42372575,314638
0.024534676,-0.084156916,-0.42345127,137175
0.21895345,0.17959705,-0.40779915,483848
0.018892124,-0.18474206,-0.4314495,86646
0.013190567,0.33879703,-0.71807736,450568
-0.15441872,-0.12186238,-0.41536835,87475
-0.05781703,-0.1301002,-0.42789257,29967
0.07673026,0.1015877,-0.7041675,34733
-0.007215661,-0.09625019,-0.42378762,244452
-0.012089434,0.20897752,-0.71874243,128882
0.32286128,0.07038161,-0.4083838,464577
-0.04291462,-0.09818251,-0.42015362,397241
0.1919962,0.26924485,-0.40443245,4212
-0.13364145,0.13134132,-0.43091848,381384
-0.09449532,-0.08213274,-0.7229338,354263
0.2587777,0.26240847,-0.4052265,382426
0.19209847,0.25569314,-0.41818354,184515
-0.22308862,-0.036239758,-0.41478762,2404
-0.09335352,0.19444892,-0.41422284,164249
0.37164313,0.07509935,-0.40819716,468467
0.32169145,-0.09735894,-0.41657895,246560
-0.05804545,0.03870844,-0.41835886,186951
-0.18112545,-0.0858386,-0.41580838,239767
-0.035042718,0.21528399,-0.40609956,364141
0.009293875,-0.036721334,-0.41155985,477756
-0.07896628,-0.21356823,-0.42023215,145364
0.10340138,0.3373393,-0.41426098,69459
0.20049433,-0.12951273,-0.41375542,36437
0.20465204,0.094310895,-0.4165488,323551
-0.2273414,0.15029621,-0.41958368,230099
0.1708777,-0.074106164,-0.41356838,478638
-0.20659861,-0.07346352,-0.42288572,369993
-0.046205375,0.2590422,-0.5413028,8080
0.0074360603,0.16239372,-0.6874816,390811
-0.007811651,0.18651715,-0.40679222,427342
0.34687746,-0.064185545,-0.40637073,485922
0.034495533,-0.24244681,-0.4164786,402574
-0.12329477,-0.09716193,-0.4168544,475162
0.021325754,-0.25115314,-0.4210086,188739
0.14788118,0.20285374,-0.41219485,342383
-0.1963046,0.17081366,-0.4093508,226334
-0.16447891,0.24931376,-0.41101426,229199
-0.14622155,0.26769105,-0.40998548,199523
0.2596827,-0.18735205,-0.4173969,63427
0.22029823,0.040547706,-0.414638,412008
0.06881381,-0.23053147,-0.42009053,207438
0.27291024,-0.16676523,-0.41381276,236335
-0.11650754,0.003429514,-0.4194214,31417
0.12081494,0.22522743,-0.4057066,346936
0.31748292,0.26342824,-0.4137826,28177
0.20508301,0.16717501,-0.40629846,284032
-0.15157375,-0.13988401,-0.42724332,42640
0.1817759,0.33027387,-0.41382793,50046
0.29259798,0.11723951,-0.40729088,98683
-0.010831331,-0.22432925,-0.41213268,484113
0.12898135,-0.07727709,-0.4209943,130848
0.12262851,-0.020913666,-0.6885062,488647
0.21039633,-0.06517279,-0.4106254,238505
0.20664294,-0.10466406,-0.4143594,18434
0.3504121,-0.06325421,-0.40899554,275733
0.12103672,-0.1537607,-0.42183328,24696
0.30787402,-0.16131067,-0.4154877,470517
0.33527422,0.033342514,-0.4079479,275634
0.27525142,0.18963836,-0.5414138,163519
0.26458797,0.028778402,-0.41402206,470753
-0.20315872,0.18846256,-0.41589594,125761
-0.10363031,-0.18522996,-0.4223283,241451
0.39345622,-0.012533846,-0.41401023,470830
0.052383505,0.28018293,-0.41396165,49663
-0.17264241,0.18997948,-0.4101718,248339
0.14423664,0.3080023,-0.40430218,271408
0.17531732,-0.124797665,-0.41205797,446849
0.3222174,-0.064940624,-0.41815373,491168
0.23544739,0.1543773,-0.69376993,405154
0.23310518,0.15622103,-0.7068692,120788
0.27097657,0.2929865,-0.4114634,245559
-0.058346648,0.013839089,-0.4240471,64290
0.23527947,-0.11830186,-0.4113909,228022
0.4008065,0.11757388,-0.41085434,473222
0.35677996,0.24350871,-0.40610123,480364
-0.20762645,-0.07675889,-0.4159272,445083
0.3890826,0.1599952,-0.41092452,268600
0.30941564,0.03287699,-0.4140253,457663
-0.023466459,0.274277,-0.71654737,143577
0.39033476,0.07559305,-0.40889463,478106
0.096310675,-0.06688839,-0.40938836,248125
0.012474654,0.38993394,-0.4051439,282410
0.083406694,-0.17198834,-0.4192501,151688
-0.013513017,-0.031191427,-0.41553447,476747
0.1465846,0.35957822,-0.4122698,46744
0.21692678,0.31615463,-0.41217253,438782
0.31264693,0.14673887,-0.41846523,78950
0.2378372,0.07058061,-0.4081025,482913
-0.17583382,0.0005671935,-0.4334181,59448
-0.2147515,0.18360563,-0.41689754,255829
0.27525988,0.22186203,-0.40583396,249952
0.33974358,-0.11998749,-0.41038197,163190
-0.1449435,-0.17845818,-0.42231128,188285
-0.05956246,0.2511372,-0.68460697,98906
-0.1507259,0.07130312,-0.41087446,420297
0.017692292,0.2857469,-0.4194253,351578
0.23979631,0.23206562,-0.40845504,477985
0.082457006,-0.2627106,-0.41801462,265318
0.16369049,-0.10325063,-0.41131926,233296
0.23646955,0.20122778,-0.40617642,26178
-0.008854499,0.2905296,-0.41739586,18645
0.20589474,0.13845147,-0.7138902,137651
0.21247779,0.2267547,-0.40673137,36381
0.17295167,-0.104593985,-0.41218805,240922
0.20145185,-0.13582318,-0.44487393,185988
0.03516428,0.27182937,-0.42044982,42698
0.14591071,-0.25553134,-0.4186653,58953
0.26428714,0.02739192,-0.4222823,491005
0.29991198,0.25788844,-0.7201282,407887
-0.07296791,-0.022931935,-0.6952037,498406
0.114697754,0.39350188,-0.4058108,49452
0.20795268,-0.13010575,-0.65761906,223525
0.1853128,0.13258268,-0.40660524,282395
0.08294777,-0.10155178,-0.41465628,241480
-0.055061553,0.054336995,-0.4142269,74108
0.20942871,0.3443799,-0.41117743,46647
0.04886863,-0.105065145,-0.72772956,197
0.15987988,0.36028686,-0.40434378,483480
-0.19864492,0.10455061,-0.41152862,143483
0.2711773,0.18765543,-0.65507954,130060
0.19461195,0.10345166,-0.41002375,477869
-0.027016751,0.2625682,-0.40629834,246141
-0.12514807,-0.12981962,-0.42069328,46935
0.23208201,0.048100244,-0.4167769,229815
0.20387995,0.34295705,-0.4042996,321177
0.118921615,0.39113915,-0.40668303,468632
-0.14620931,-0.07112185,-0.69767827,187363
0.31014097,0.08380779,-0.42364472,432642
0.025666688,0.21983176,-0.4127108,376437
-0.04274379,0.3677042,-0.40702215,218263
-0.031345855,0.37693027,-0.4021715,13437
-0.2140035,0.1415782,-0.41691923,36586
-0.13792202,0.23390263,-0.4148075,225185
-0.19475953,0.24371131,-0.41161793,371323
0.19203468,-0.23924887,-0.7290739,123509
0.25928238,0.20430435,-0.64477587,11102
-0.18082052,0.2177515,-0.41593584,126206
-0.12656415,0.2396865,-0.4107943,4454
0.18166307,-0.11645485,-0.41909024,28910
-0.05127765,-0.19461983,-0.41878337,3946
0.07615787,-0.09497095,-0.43083507,103336
-0.12168947,0.032090038,-0.41255075,426843
-0.07385273,-0.20008905,-0.4152567,471111
-0.024544714,-0.10097141,-0.42201585,87352
-0.004284546,-0.08763418,-0.42455173,130094
0.21887279,0.2241701,-0.41470355,372155
0.17905618,-0.14580871,-0.41918674,32535
0.2696603,0.19381014,-0.7205135,113524
-0.07336533,0.27393022,-0.68625426,466867
0.21890107,-0.10241784,-0.4302451,219155
-0.14396983,0.085743,-0.42694825,69587
0.09391194,0.3907193,-0.408616,476965
0.009317425,0.10288372,-0.7234463,703
-0.021811228,0.15088035,-0.4074748,42235
-0.03142904,-0.018432748,-0.41667387,443259
0.19968507,-0.09617994,-0.68962836,114723
0.3170089,-0.10682905,-0.40892047,304138
-0.060760424,-0.048156094,-0.4138414,17531
0.050931454,0.37830496,-0.40996155,77061
0.16071571,0.31440833,-0.40712225,118868
0.21528946,0.15886608,-0.4061662,144372
0.26750153,0.20092885,-0.45717394,17161
-0.1756409,-0.008752162,-0.42278758,37155
0.389365,0.1604944,-0.41096342,468589
-0.11204595,-0.056305915,-0.7200425,111267
0.049819756,0.0850032,-0.68649864,456885
0.30594742,0.29186842,-0.40618634,17990
-0.07336663,-0.03384073,-0.6903451,368791
-0.13627584,0.049959283,-0.4125899,30824
0.0019515326,0.018493997,-0.68851787,90309
0.26216105,0.17859295,-0.5388435,128085
0.28042832,0.19122194,-0.55265033,133605
-0.059392482,0.265286,-0.59240085,274032
-0.088784985,0.27536175,-0.40943667,267868
0.24631408,0.3278366,-0.4076607,220754
-0.04344814,0.26218086,-0.63469,11124
-0.09326966,-0.03909027,-0.4208779,80532
-0.027429836,0.3764854,-0.40183008,268550
-0.056657087,0.31566158,-0.71970034,30398
0.24764876,0.052012693,-0.41830036,250450
-0.021087779,0.1809851,-0.7284572,384886
0.16847456,-0.20010129,-0.42182502,31552
-0.026707685,0.28132546,-0.43032035,94876
-0.14303645,0.08781489,-0.41568115,234376
-0.026823763,0.36599022,-0.40853137,249079
-0.08074179,0.33043742,-0.40027982,235493
-0.033706084,-0.098160155,-0.4201469,124126
0.120931886,-0.18018538,-0.41200638,274298
0.049374674,-0.15415634,-0.42039964,174426
0.34309047,0.21701406,-0.40796858,248341
-0.07714353,-0.090648845,-0.41309658,1688
0.08878373,0.27875787,-0.42116633,313818
0.3446208,-0.12250473,-0.4137624,454547
0.026852332,0.3851653,-0.40663034,258534
-0.05675924,0.071128994,-0.4189974,143372
-0.12649779,0.22018982,-0.41060075,355835
-0.20814086,0.19316313,-0.41464698,422129
0.06732172,0.27086347,-0.4066809,474976
0.0034974024,0.3795785,-0.40378284,145239
-0.1897648,0.14271097,-0.41304433,450579
-0.027535014,0.23262416,-0.40713847,241090
0.18336046,-0.06358105,-0.692032,140047
-0.19007683,0.004781991,-0.41489154,285612
0.14972633,0.1885399,-0.41337618,263412
0.29587823,0.0040186164,-0.42141956,164909
-0.07984793,-0.22154973,-0.42334023,252331
-0.13192073,-0.1769232,-0.42085433,144878
0.20397851,0.20339072,-0.40559354,405085
-0.055954434,0.043681905,-0.41580296,175576
-0.20084737,0.15335745,-0.41192755,240657
-0.18003376,0.20134664,-0.41637823,63543
0.021347823,-0.21328063,-0.42408904,42506
-0.15088855,0.037940133,-0.42054716,43941
0.07742129,0.34133217,-0.42194828,94377
-0.012421822,0.3510275,-0.4073137,202656
0.2514965,0.022824872,-0.4261742,40375
-0.14241616,0.025348091,-0.4131809,456128
-0.17819658,0.17668158,-0.40855014,97044
0.051536605,0.23358884,-0.41908795,54015
0.399833,0.059828006,-0.41552907,199437
0.2094662,-0.113890596,-0.68459696,30363
0.26053154,-0.114994794,-0.42144713,295771
-0.027014608,-0.016909814,-0.41518652,320033
0.14715135,0.38298073,-0.40453488,272542
0.1357261,0.092937365,-0.688314,5008
0.21924111,-0.1992533,-0.41203663,442063
-0.09578085,-0.11853726,-0.42296094,221523
-0.11861044,0.0203266,-0.44689557,114934
0.03409801,0.28906855,-0.410276,20557
-0.06709734,0.24920301,-0.40752783,323993
-0.17252547,-0.0796413,-0.7254621,12710
0.14249802,-0.032303534,-0.7028209,404394
-0.12184302,0.28784642,-0.4146314,92498
-0.061142135,0.26117164,-0.65362686,11160
0.003141649,0.27132994,-0.41085654,476036
-0.076745875,-0.19742174,-0.41602305,274800
-0.05764898,-0.19360954,-0.41526148,365908
0.16070038,0.18671595,-0.71779525,296854
0.20274743,0.36860305,-0.40761104,322393
-0.22145556,0.008355695,-0.41720194,79844
-0.09395476,0.04497403,-0.4209029,107306
-0.24668236,0.080138594,-0.42075753,145168
0.08378898,0.32612324,-0.40742397,356770
-0.08898988,-0.16855246,-0.41408762,92533
-0.14849874,-0.056348227,-0.7130767,395033
-0.20136882,-0.07382593,-0.42131543,214443
0.2136174,0.0325145,-0.4375175,432418
0.27964884,0.32120457,-0.41066438,234866
-0.14008427,0.30444273,-0.41068962,283530
-0.11822747,0.23946747,-0.4028356,467419
0.23794419,0.21255566,-0.4209514,194966
0.3268618,0.14380495,-0.4067375,40298
0.20676613,-0.12040115,-0.64031124,217952
0.19490924,-0.092452615,-0.4114294,291526
0.24764045,0.035957307,-0.45132464,110267
0.0149469925,-0.14464492,-0.44691998,18730
-0.21494624,0.1365145,-0.41774103,226685
0.35449302,0.21777993,-0.41276455,389745
-0.060002156,0.27612814,-0.41492066,92482
0.25982702,0.1894951,-0.6176527,23528
-0.043085814,-0.0112352185,-0.42434105,379862
0.4034783,0.09027627,-0.41126102,251915
0.38532403,0.10576304,-0.4120239,469520
0.045341216,0.23456675,-0.40663165,85756
-0.24615744,0.07865246,-0.41887856,251935
0.09385223,0.054660853,-0.68846214,394774
0.15714471,-0.077282965,-0.41000822,175654
0.27919376,0.13967428,-0.40705073,8411
0.0248819,-0.19040798,-0.42473984,102077
0.33114064,-0.11898945,-0.4160279,357844
0.08013159,-0.127397,-0.4136661,451422
-0.21183142,0.14286979,-0.41376168,243467
0.17463171,-0.05958023,-0.4140133,398904
-0.11112232,0.196275,-0.41556236,189174
0.3830369,-0.0016263169,-0.42076376,58405
-0.018343689,0.37255257,-0.4051493,92167
0.20692223,-0.125202,-0.48507795,156104
-0.009019164,0.29782724,-0.4190607,25536
0.27949017,0.19047707,-0.5448282,141664
0.2995776,0.10264631,-0.40778226,290247
-0.12192113,-0.067585126,-0.5875509,396913
-0.22191137,-0.046781324,-0.41505036,397036
0.20568886,-0.1121838,-0.6360766,271796
0.09782823,-0.13847704,-0.4199007,108412
-0.20432682,0.05724918,-0.41309902,318655
-0.09211072,0.3438908,-0.4085601,472665
-0.17584305,0.24628486,-0.41552126,223840
-0.047217477,0.11479724,-0.40918875,468196
0.23605289,-0.14301929,-0.41662377,238516
-0.04962767,0.25632665,-0.5190242,6605
-0.17784925,0.17376369,-0.41948864,200475
0.12612715,-0.25899944,-0.41850883,243310
0.3155263,0.15249586,-0.4070816,355670
0.21467572,0.036282122,-0.42502373,33356
-0.2425679,0.042992443,-0.41951242,175481
0.025825359,0.11869168,-0.69055974,457938
0.334149,-0.12646098,-0.40972924,157495
0.1817338,-0.0004147425,-0.40977135,214880
0.22359613,-0.023902943,-0.4112279,88499
0.3353332,0.23376818,-0.41342378,239071
0.26170525,0.17990774,-0.6213251,260717
0.3871263,0.097779356,-0.41070378,482588
-0.13812344,0.01262112,-0.43396217,34760
0.22408482,-0.06430052,-0.424213,232650
-0.14757265,0.09379715,-0.41127554,440532
0.2665479,0.08481403,-0.41217816,163736
0.16899385,0.24825065,-0.41882917,212570
0.20170619,-0.10375139,-0.40906736,54720
0.32091182,0.2102731,-0.40323806,495796
0.018656572,-0.23912178,-0.42360082,487004
0.36432213,0.2247644,-0.40969792,466759
-0.012105475,0.050170716,-0.7208071,209211
0.19233404,-0.22454967,-0.4166781,285141
-0.10057023,-0.14428258,-0.4267335,23220
-0.09280649,0.005909214,-0.4120606,306998
0.02203699,0.17232221,-0.6964123,220675
-0.095739774,0.106085844,-0.4110567,68514
-0.032348216,-0.24202734,-0.42192584,445448
0.098798774,0.024204904,-0.7145875,3347
0.19975735,0.124151416,-0.42192534,35523
0.3953331,0.025596488,-0.41668412,39385
0.1956661,-0.071315035,-0.41705984,160928
-0.21077889,-0.061067708,-0.42327225,257595
0.14215733,0.30522013,-0.40422153,473653
-0.08267997,0.10488885,-0.42113906,33966
-0.13121448,0.21737972,-0.4080205,5698
0.19501,0.1662038,-0.70332915,39842
0.06762648,0.339201,-0.4056711,143571
0.12718911,0.20315284,-0.41167444,415960
0.13310702,-0.08279859,-0.4167205,268287
-0.19776574,-0.10292276,-0.4206043,232413
-0.1910032,-0.07346051,-0.42287531,85383
-0.14191161,0.18024716,-0.41177443,129337
-0.04344269,0.2576619,-0.57687813,74809
-0.1513171,-0.09616815,-0.7100061,175117
0.20652385,-0.17431957,-0.41970962,267371
0.012136321,-0.050509375,-0.41195694,327595
0.29839137,-0.040451072,-0.41956764,10754
-0.13246714,-0.047193144,-0.7118101,211015
-0.09925004,-0.1239334,-0.42295286,125044
0.19418958,0.2870163,-0.42192483,164800
0.019834738,0.23559296,-0.40950206,217875
-0.07741259,-0.113439634,-0.4309465,228613
0.18086165,-0.07770504,-0.42510045,102716
-0.17574598,0.2244866,-0.4130673,145755
0.2728134,-0.016536364,-0.41251758,407346
0.28389943,-0.18857215,-0.4130537,320386
0.028384201,0.34208852,-0.4104134,130200
-0.036786072,0.010994359,-0.6902936,6396
0.16599792,0.23475802,-0.40689114,163148
0.14674744,-0.11055632,-0.41853955,493827
-0.20290825,0.20971611,-0.415253,323603
-0.016888482,0.27694345,-0.40561375,98480
0.009171915,0.38445607,-0.40557715,252325
-0.17614807,0.27176446,-0.7220755,448704
0.018952712,0.3661044,-0.4040671,42268
-0.02798834,0.26212484,-0.40836906,473927
0.27042013,0.023501918,-0.4313426,166996
0.2137181,0.015106438,-0.47477615,106488
0.29641655,0.28858018,-0.4115559,193607
0.019791033,-0.10448468,-0.4171062,422158
0.25906128,0.19983396,-0.5957185,142037
0.023295982,-0.11600433,-0.4202798,126234
0.11219696,-0.067104384,-0.42039302,242909
-0.2072704,-0.0827726,-0.41750568,471909
0.263009,0.20706563,-0.6053216,91843
0.06116747,0.38222823,-0.40823182,237492
-0.12218004,0.029620282,-0.43679246,109272
0.058976904,0.05104764,-0.71305496,1349
-0.007828257,-0.024025498,-0.4091437,482492
0.2743274,0.22180045,-0.6905065,289829
0.08093625,-0.19189796,-0.42392007,188124
0.23451762,-0.043135073,-0.40936157,445571
-0.22160973,0.045073844,-0.42006862,144255
-0.038635653,0.26206428,-0.62727195,224423
0.06602422,-0.11564092,-0.4257169,180811
0.23518516,-0.13686483,-0.42236626,145138
0.24110535,-0.123018995,-0.4233109,170230
-0.05909355,0.1972178,-0.40652066,14306
-0.22526811,-0.019879045,-0.4248773,244056
0.05795641,0.31443694,-0.41355506,42837
0.39514592,0.14112042,-0.41303444,42416
0.30118018,0.10478356,-0.40844756,444762
0.02674541,-0.2212762,-0.4152378,311089
-0.21798024,0.18430349,-0.41140497,4802
0.0628255,0.26697692,-0.4137126,48450
-0.03342054,-0.13930649,-0.41316774,311253
-0.17565727,0.25629663,-0.41307074,370695
0.13197306,-0.21904954,-0.41784388,45772
0.021496538,0.3578447,-0.41399375,23599
0.17485447,-0.24055567,-0.4176297,34524
0.07720947,0.31838614,-0.42011574,50560
-0.100359686,0.3280363,-0.40238163,319464
-0.09659563,0.32711178,-0.4151871,79957
0.05643926,0.31305036,-0.41275218,65417
0.10967679,-0.20987253,-0.4173113,267431
0.20229897,-0.10952331,-0.5046193,241944
-0.06482819,0.3321998,-0.40940794,415697
-0.22164711,-0.07877293,-0.41566974,3327
-0.09109701,0.3020156,-0.4121391,50511
0.055308763,0.2955766,-0.4150873,212622
0.00593845,0.19993429,-0.40629083,7756
0.023924995,0.37317207,-0.41352576,58851
-0.02742158,0.23661633,-0.40450338,274318
-0.21555562,0.040198453,-0.42077017,74178
-0.09693555,0.29516596,-0.71662426,257475
0.0067250337,-0.0582195,-0.42030507,299064
-0.04048021,0.25593355,-0.64559203,161015
-0.050560232,0.1431868,-0.4085601,92000
0.06318935,0.2155516,-0.41437182,310694
0.1755867,-0.10159831,-0.41763794,31709
0.251733,0.19981366,-0.67009825,313166
0.32749784,-0.045661673,-0.4093264,330128
0.36772093,-0.05925883,-0.41805935,464336
-0.17226943,0.24398738,-0.4125118,396911
0.12843484,-0.22310139,-0.4137908,327148
-0.092636794,-0.11154785,-0.41398042,313230
0.3665121,-0.08792465,-0.41253835,469896
0.2667123,0.2995763,-0.717826,103352
0.20297557,-0.11569943,-0.64446986,176099
0.37862813,0.18359499,-0.4111204,254897
-0.11492461,0.10410972,-0.40966302,124313
-0.15282448,-0.14257212,-0.42667678,237929
0.26343074,0.19374244,-0.48726258,205933
-0.1732377,0.17560348,-0.40941894,429250
-0.12565348,-0.057957396,-0.46221614,6436
0.062350385,-0.08055631,-0.41242662,98680
0.14118302,0.3763827,-0.4104292,174938
0.12083675,0.36032042,-0.41294214,30958
0.1357442,-0.22280131,-0.41369665,254222
0.15832078,-0.25089994,-0.41814616,245729
-0.1012555,-0.032831766,-0.41529626,474474
-0.09088624,0.18321198,-0.41953516,246481
-0.05304397,0.16343226,-0.40815163,125262
-0.11696737,0.16264515,-0.41425833,321501
0.24234004,-0.02957954,-0.42229262,235556
0.17211394,0.27597997,-0.40528545,478792
-0.16924252,0.2507332,-0.40599903,229139
-0.08452561,0.32013243,-0.41089946,98428
-0.01057893,-0.06822334,-0.42068592,75493
-0.21490411,0.19243445,-0.41590655,226811
0.050698582,-0.2106304,-0.42425308,224882
0.13002037,-0.2228419,-0.4168271,399116
0.15176372,0.29870754,-0.42072055,225153
0.31559518,0.24359444,-0.4071605,17665
0.27029136,-0.18717244,-0.41080436,468293
-0.12675963,0.0790467,-0.41276652,277746
0.25453234,-0.16647103,-0.4206149,219041
0.20872165,0.28916913,-0.41436023,256327
0.19924054,-0.09956248,-0.4144677,80082
-0.15309283,0.046977915,-0.41185415,199521
0.31793886,-0.09136958,-0.4211641,87166
0.089683585,0.35835224,-0.41378415,298985
-0.14143537,-0.1627342,-0.41928378,251744
-0.09415867,-0.09215776,-0.43341038,66638
0.23932041,0.22271189,-0.41424057,146168
-0.04014864,0.26115736,-0.5619558,175236
0.03496449,0.115670204,-0.6900032,416138
0.19304608,-0.15360148,-0.41628474,97865
0.11657426,-0.08842291,-0.41986576,488610
-0.21120745,0.11524839,-0.41082016,96270
-0.102909386,0.121277735,-0.4098007,102013
-0.046433307,0.25928405,-0.6390007,73905
-0.03526368,0.2562971,-0.64646035,189479
0.24496898,-0.19575281,-0.420615,45662
0.08615759,-0.07802282,-0.41257453,243520
-0.21214119,0.10805228,-0.41178977,237208
0.23606297,0.2688642,-0.41587847,138049
-0.013031784,0.15992992,-0.40676063,267580
0.22577934,-0.11925275,-0.4208804,32534
0.1748974,-0.13588077,-0.4163603,166440
-0.12949392,-0.04772861,-0.6962883,233242
0.09147803,0.3673856,-0.40728512,26394
0.076446556,-0.1702391,-0.4141041,14189
0.32261553,-0.12501903,-0.42019713,343282
-0.17733172,-0.11920703,-0.42197278,476011
0.036097575,-0.1428776,-0.41427422,199426
-0.19031021,0.1857391,-0.4165897,126103
0.19623163,-0.1120005,-0.6449341,9693
0.35581315,-0.07011845,-0.42173383,432634
0.16400668,-0.18068361,-0.42138368,161234
-0.11420759,0.30608213,-0.40436047,241116
-0.017540587,0.25499094,-0.40545338,174639
0.08100633,-0.08601743,-0.41535726,277810
-0.24234201,0.01221355,-0.42132682,451957
0.09594628,0.23710254,-0.40910673,479987
0.18988693,-0.118078336,-0.6172286,304517
0.032392137,-0.092561916,-0.41768923,262251
-0.177393,0.09797105,-0.41130844,485979
-0.07709202,-0.043822367,-0.72982305,201057
-0.10178299,-0.058444776,-0.65131116,304673
0.2430868,-0.0067751147,-0.4114659,236509
0.32227615,0.25648445,-0.41670808,175584
0.10325519,0.025098918,-0.6885952,364850
0.24936569,-0.204931,-0.41635752,217969
-0.071619414,0.31689614,-0.4011502,218582
-0.059248704,-0.14245899,-0.41920766,176442
-0.043229274,0.33735448,-0.41236,64037
-0.2303095,-0.04835411,-0.4151305,5705
-0.11230101,0.09596137,-0.41013438,243056
0.20119996,-0.07666919,-0.46952224,44359
0.23464806,0.30213213,-0.4047156,218981
0.027213302,0.3083022,-0.42627674,110103
0.12963358,0.0018848784,-0.7025424,5208
-0.12583257,0.2590319,-0.40534618,3963
-0.10286441,0.1884721,-0.4130678,450118
0.04295044,0.3885267,-0.4079609,217905
0.3485381,-0.10725567,-0.41170162,471717
0.28340077,-0.025837865,-0.40998024,23293
-0.021510394,0.17160843,-0.4064014,476444
0.1747424,-0.12303812,-0.42045298,117840
0.16420786,0.20570932,-0.4172864,64640
-0.15965952,0.058586877,-0.42063567,116486
0.056465946,0.3301719,-0.4117698,111393
-0.11263268,-0.04566373,-0.66314954,127520
0.011429254,0.36159799,-0.40755507,338602
0.08000269,0.29396784,-0.40523985,5818
0.07355817,0.3935303,-0.40636402,125856
-0.06390974,0.31145558,-0.69736165,25036
0.19533944,0.33286116,-0.41206083,217861
-0.21061096,-0.08269038,-0.420093,245752
0.06710082,0.29497388,-0.40428588,314672
-0.11716893,-0.07215279,-0.45385277,31985
0.37338525,-0.072810516,-0.41332692,494213
-0.22993688,0.040245514,-0.41223153,229136
0.1817568,-0.042386834,-0.4090512,62102
-0.049250856,-0.14329669,-0.42530894,73359
-0.17710485,-0.0596045,-0.7244628,404078
-0.059422348,0.2884989,-0.41016635,59687
0.037246853,-0.23145983,-0.41683036,114422
-0.13322084,-0.068650335,-0.7303632,12806
0.3272275,-0.016767863,-0.40874743,137458
-0.041858643,-0.09975476,-0.41588047,95077
-0.089937694,0.10708289,-0.41740194,103403
0.15551518,0.29411086,-0.4122183,42967
0.35866725,0.0743631,-0.4078565,446043
0.14616458,0.16919528,-0.7279877,4353
-0.17181753,0.068485446,-0.41860566,101200
-0.1687661,0.2773878,-0.40683353,275424
-0.04338002,0.30910695,-0.4180256,218408
-0.1888566,0.1353084,-0.41005492,58319
-0.19718067,0.089952275,-0.4113647,426001
0.16049743,-0.17567173,-0.4119166,483598
0.2323976,0.3000701,-0.40511826,343335
0.14979383,0.35932314,-0.41159752,85987
-0.085723944,-0.03890741,-0.6964373,3493
-0.07993835,0.20557836,-0.40647057,174435
0.14917952,0.21893953,-0.40770662,187268
-0.052865237,0.24261637,-0.51370174,378355
-0.054384768,0.2687073,-0.58296937,351942
-0.106398344,0.31176388,-0.4112107,457219
-0.17266403,-0.10175729,-0.42634848,42806
0.20995872,0.26593456,-0.40508986,334681
0.16240117,-0.10861227,-0.44081205,387969
-0.103942275,-0.05955479,-0.6474275,412512
-0.10444496,0.07503596,-0.41794592,92302
-0.17775187,0.037807442,-0.41205904,20864
-0.0084887035,0.38921714,-0.7111013,366214
0.14840607,0.077570684,-0.7150385,84071
-0.088998884,0.28344604,-0.72075826,111293
0.17290895,0.23468289,-0.41848028,33951
-0.17563999,0.17426214,-0.41881266,94279
0.032730103,0.3384475,-0.4061417,1955
0.0034791848,0.2900899,-0.41468453,68859
0.087095395,0.3963624,-0.40393654,456452
-0.13326651,-0.01082733,-0.43058127,193479
-0.17413923,-0.11508866,-0.42118338,98212
0.2370815,0.33288214,-0.41126087,148257
0.17721461,-0.012895869,-0.41175252,467354
0.080806814,-0.15377729,-0.41257262,218915
0.15270922,-0.091856845,-0.40655643,307239
0.08353496,0.22012962,-0.41294503,323267
0.030195666,-0.05600584,-0.41091788,258559
-0.08378351,0.27853045,-0.71834,2529
0.12015864,0.36872908,-0.41013646,92524
-0.20566197,0.05268266,-0.4243315,36909
0.16666025,0.37863228,-0.40512034,241240
-0.2551056,0.08149855,-0.41323853,1212
-0.07620998,-0.12123177,-0.4203998,137721
-0.064146705,0.2849995,-0.70664763,2610
0.2075134,0.3486986,-0.40910083,220534
0.3388127,0.18727355,-0.40587348,397227
-0.07794642,-0.038679846,-0.4123701,7810
-0.24057063,0.103795394,-0.42055914,144815
-0.069479905,0.33945632,-0.4112575,473732
0.21697122,0.34218153,-0.4093536,76251
-0.049866907,-0.16808024,-0.42998064,34953
-0.06978492,0.24394633,-0.41904843,50108
-0.11867055,-0.07057069,-0.59854347,472294
-0.19686514,0.17574531,-0.41720772,232133
0.124072164,0.024369558,-0.6892022,405326
0.056864113,0.25601777,-0.43672392,201365
-0.059947405,0.2384284,-0.40574837,376300
0.3365018,0.23257075,-0.41413838,156058
-0.049821574,0.32826117,-0.41325694,163175
0.23964791,0.24401905,-0.4073487,481282
0.21246105,0.3471149,-0.41074735,252547
-0.065432206,0.26275104,-0.67262775,250189
0.39563406,0.08656254,-0.41380632,173492
0.14805758,0.2220762,-0.40721694,478769
-0.12705468,0.051350094,-0.7412985,71777
0.16208312,-0.09009686,-0.68976957,417170
0.26784348,-0.1796266,-0.41110408,234897
-0.12547354,0.176475,-0.43555817,310482
0.17121036,-0.115713105,-0.40973955,307096
-0.042022847,-0.23112898,-0.42078027,158826
-0.13285618,0.08501873,-0.42797896,28421
-0.19656937,-0.019236842,-0.42531443,92162
0.24071568,0.17627148,-0.41602412,265365
-0.24601354,0.013694779,-0.41336975,467682
0.19404404,-0.12479025,-0.64215076,9055
0.01726529,0.19140106,-0.4060169,311241
0.2926509,0.22915156,-0.41630667,178035
-0.1816632,0.2237778,-0.41611508,263667
0.26030138,-0.05260574,-0.7191738,445173
-0.1001725,0.1289196,-0.7216461,175312
-0.0876833,-0.10653796,-0.41381922,380136
0.023587279,-0.2337866,-0.4223485,461393
-0.05566285,0.24665493,-0.56496346,101738
-0.16526209,0.28087792,-0.40572217,8101
0.22224283,-0.09292628,-0.7267153,5207
0.046351507,0.30108017,-0.41083807,421917
0.11810652,0.38894007,-0.40794605,420104
-0.07312486,-0.0097636115,-0.69076717,160924
0.21178459,-0.21866858,-0.42009595,79709
0.29125378,0.22611873,-0.69295835,471822
0.16458702,0.19132908,-0.41405457,77652
0.28393415,0.12366346,-0.41802543,207670
0.27392152,0.17259471,-0.42029098,31418
0.19758417,0.3673431,-0.4081664,188231
-0.066477194,0.27474,-0.40811014,5553
0.22886418,0.34679466,-0.41054532,160880
0.2763737,0.2222104,-0.7120364,201445
0.15501112,0.23406167,-0.4129541,7859
0.2966053,-0.06044897,-0.4146465,378636
0.33957022,0.21861811,-0.40590665,194262
-0.124414705,0.06340968,-0.43183213,376350
-0.12395589,-0.088152856,-0.41598096,143835
-0.12657307,-0.051326543,-0.6542209,199239
0.030329224,0.10946063,-0.7222577,1789
0.18975347,0.1344739,-0.415169,199515
0.08905739,-0.09593277,-0.42278278,139138
0.07167151,0.23563461,-0.40640095,443563
0.31647435,0.25177485,-0.40660077,479438
-0.23685148,0.13203058,-0.41989318,209089
0.09412958,0.22614971,-0.40858126,477625
0.066771366,0.39592245,-0.40509778,188282
-0.16636276,0.24506873,-0.409076,237230
0.22386613,-0.1383946,-0.6996041,25143
0.30182573,0.035366744,-0.410204,478449
0.19006851,-0.10488378,-0.4198438,22487
0.30449474,0.058392122,-0.4095988,440127
0.08396123,-0.24060595,-0.420922,17637
0.046543244,-0.08904046,-0.4115342,155659
-0.052671067,0.07659057,-0.41456428,1295
0.017543409,0.23159222,-0.4081524,329975
0.071445726,-0.262973,-0.41998515,74530
-0.10108877,-0.14641194,-0.41405275,14869
0.09105487,0.39089453,-0.4022481,478963
0.3690273,-0.07407014,-0.41393352,292561
-0.2132076,0.12788448,-0.41858622,84129
0.16695283,0.37475482,-0.4081747,20724
-0.18164615,0.25946736,-0.41232,478326
0.2165409,-0.1956972,-0.41195774,238802
-0.028488662,0.18685398,-0.40701413,231272
-0.08297327,0.28888863,-0.6911644,240605
-0.11325333,-0.041339073,-0.60284394,228534
0.334298,-0.13808604,-0.41300455,285457
0.23543684,0.05598208,-0.7152887,339672
-0.036115732,0.11782,-0.42210495,248539
-0.0703394,0.20121375,-0.40888467,480160
0.35096988,0.18169796,-0.4072131,79934
0.17326818,-0.2030404,-0.41598672,187982
-0.03802316,-0.16978016,-0.42839637,54829
-0.19817807,0.33818644,-0.7205744,5143
-0.10634191,0.23993762,-0.7273388,4039
0.3932374,0.056984957,-0.4179223,161609
-0.059564453,-0.040576242,-0.7237531,29722
0.23288368,-0.20341325,-0.41310093,69249
-0.1160859,0.32406983,-0.40385786,472121
0.17579752,-0.13772374,-0.42419922,48331
0.057557818,-0.06414917,-0.41112903,123283
-0.08115899,0.028830152,-0.41122037,161169
0.09784525,0.3122206,-0.42291707,339147
-0.09477901,-0.2065535,-0.42211047,246428
0.29918587,0.27216023,-0.4129487,261047
-0.07098311,-0.08051519,-0.72385234,354290
0.13272123,-0.20855744,-0.42003694,205299
-0.060275916,0.22597876,-0.4057449,288753
0.30811116,0.1297353,-0.4295903,488470
0.15996699,0.3534037,-0.40929207,209741
-0.22434004,0.13689895,-0.4104938,250938
0.09760384,-0.16102886,-0.4242946,37339
0.0261054,-0.25656664,-0.42201072,220840
0.01413081,-0.16727981,-0.41429225,91177
-0.015760638,0.19599277,-0.4174603,93535
-0.15706106,0.25052217,-0.41198,320486
0.36920282,0.19086483,-0.41357777,15610
0.26126766,0.1819634,-0.66347796,19426
0.25387558,-0.018573092,-0.43247774,339866
-0.11873737,-0.05951622,-0.61854446,32003
0.27257854,0.17697334,-0.40983778,288740
0.23913842,-0.1463823,-0.409734,307062
0.24517946,0.34390816,-0.40893912,92928
-0.23784317,0.031564105,-0.41378468,7954
-0.11366941,0.048205685,-0.4091324,434457
0.16122466,-0.24116924,-0.41487893,460905
-0.1615195,-0.05983803,-0.4131252,98349
-0.22014616,0.074402176,-0.41240227,386868
0.30196014,0.14323533,-0.41866383,48108
0.22459702,-0.13119462,-0.690167,320491
-0.03874789,-0.17604853,-0.41931447,289795
0.1134456,-0.05468637,-0.40949437,62
0.10511443,0.22164798,-0.41072857,145030
-0.047268067,0.20126192,-0.40597513,468168
-0.1609192,-0.121096194,-0.42422843,226450
-0.1013956,-0.026713517,-0.41236728,243330
-0.07629968,0.10563425,-0.40917313,446293
-0.013596059,0.16888206,-0.4068143,399311
-0.17918697,0.267659,-0.72067535,367440
-0.17184542,0.2435475,-0.4104567,447587
-0.18318549,0.2610662,-0.7253103,213853
0.25816378,0.025764324,-0.41657093,251489
0.04219453,0.06310936,-0.6904184,448935
-0.19056456,-0.04702064,-0.42385292,176264
0.3028965,0.16720235,-0.43392593,358443
-0.033091,0.16838616,-0.41940662,120026
0.29979244,0.22803879,-0.6960767,209177
-0.09562425,-0.00928597,-0.4282522,183398
-0.09720208,-0.09765866,-0.41957986,218377
-0.045294624,0.27056366,-0.67011803,226696
-0.1646831,-0.12481514,-0.41523236,376421
0.30372444,0.300093,-0.40925542,217671
0.27119273,0.068235725,-0.409606,232868
0.088586584,0.31502646,-0.41427016,328935
-0.18342769,0.22326055,-0.41495356,210015
-0.08142921,0.30145007,-0.69667965,468590
-0.05079867,0.3552888,-0.40486422,145593
-0.1778351,0.35306263,-0.71829873,467374
-0.05966842,0.2661267,-0.63201886,74372
0.12687245,0.22827286,-0.41215786,161467
-0.073865786,0.16486782,-0.41422233,128368
-0.02262403,0.14915477,-0.4186787,33946
0.30298263,0.22259815,-0.41603774,246620
0.20839348,0.026505115,-0.40896034,247268
-0.13508841,0.013351256,-0.42634812,85261
-0.1845025,0.07851913,-0.4128514,7881
-0.024545528,0.30675632,-0.4145229,340413
0.2311866,0.22417395,-0.41154003,250145
0.2659448,0.18960343,-0.52690977,206431
0.2900618,0.19447994,-0.43331268,173483
-0.18927288,-0.09713333,-0.4155779,174553
0.2602327,0.014411053,-0.41711065,51859
0.028165909,0.28128,-0.4049309,144855
0.2809148,-0.0075345845,-0.4084079,434105
-0.14635997,0.26510626,-0.41160905,188701
0.076370165,0.20270923,-0.40528667,122272
0.08775159,0.3644527,-0.4084275,335982
0.18710618,0.17417787,-0.4115296,97089
0.029095642,-0.2542208,-0.42072794,171497
-0.20718618,0.09362041,-0.41076007,273639
0.22331059,-0.12986661,-0.68978834,7922
0.31388775,0.04313973,-0.42191762,460743
0.32427323,-0.047209345,-0.40948403,479057
-0.12146024,-0.041355073,-0.41495654,280286
0.042719614,0.21684664,-0.7209301,474382
0.1447197,0.26395246,-0.4212212,30902
-0.021623094,-0.16591254,-0.42885265,23739
0.17255983,-0.10145082,-0.4259396,80502
-0.03733889,0.3099174,-0.42011574,194914
0.022481773,-0.24038965,-0.42615435,144902
-0.04538938,0.23689745,-0.68442833,367367
-0.07076473,0.07468119,-0.43158072,177083
0.24285485,-0.1576408,-0.7013966,460235
0.25124696,-0.18803394,-0.42120543,213829
-0.24266982,0.093370944,-0.41879928,371909
-0.03959742,0.26365966,-0.60966635,111994
0.24379312,-0.1839273,-0.414047,479121
-0.083542824,-0.09605291,-0.413734,364059
-0.14702204,0.26635325,-0.4144687,85710
-0.07163414,0.3150017,-0.7144289,7856
0.39945802,0.0244158,-0.4098106,323817
0.1530905,0.20740673,-0.42465153,110955
0.18569668,0.30255473,-0.40421122,324246
0.17047247,0.20658635,-0.40548342,274732
-0.20812201,-0.038763136,-0.4246956,160890
0.16764206,0.37903214,-0.4037802,125917
-0.04138655,0.29718652,-0.4232482,94990
0.06043088,0.088322744,-0.6880754,458784
0.15390411,0.3277129,-0.40849757,426542
0.1092121,-0.102905236,-0.4140441,475296
0.0046558627,-0.15626337,-0.41979447,432425
-0.1571598,0.29354474,-0.40493232,320456
0.19846922,0.19341828,-0.40733963,328993
0.26335979,0.19241387,-0.6538659,13551
0.38478693,0.17374726,-0.4091616,468901
0.015563178,0.30655727,-0.41675252,212592
-0.04427467,0.25959265,-0.6313803,20646
0.36764255,-0.07662298,-0.41018143,284130
-0.0714917,0.167597,-0.40972742,480192
0.13554963,0.3665169,-0.414457,241901
0.06814011,-0.2602078,-0.41802615,145347
-0.059794623,-0.10701705,-0.4250581,143542
0.22464654,-0.056169074,-0.42083398,94478
-0.034421273,-0.032355253,-0.42131558,350944
-0.050089333,0.0028551351,-0.41416788,217937
0.3020521,0.24268954,-0.40578195,252778
-0.22007371,0.123638116,-0.41004527,467284
0.054996178,0.19284904,-0.719347,84058
0.39988703,0.08626605,-0.41266668,240606
0.1106318,-0.08681637,-0.41529742,118521
-0.010814131,0.22639085,-0.40661666,17491
0.17346741,-0.10883054,-0.41055888,245784
0.2657579,0.26003447,-0.41627494,30716
0.05146324,-0.108439244,-0.41113722,176020
0.07986244,-0.24272396,-0.42471448,126404
0.34975716,0.15129375,-0.4099796,467739
0.15636916,0.0153338425,-0.4893103,441992
0.27987885,0.2889324,-0.41318047,71940
0.09444348,0.28755283,-0.4121921,31867
0.2987364,0.19830903,-0.4290532,48056
-0.20053548,-0.021919677,-0.4229171,49689
-0.11946563,0.26804984,-0.41371801,42747
0.08909367,0.28310263,-0.43188545,138624
0.23382054,-0.17469054,-0.4156209,252741
-0.047936626,-0.011048644,-0.72300076,242461
0.10672285,0.2617094,-0.4157476,85733
0.17161995,0.26281732,-0.41988626,134156
0.24410827,-0.156963,-0.41255566,92112
-0.0015288354,0.015765939,-0.7064091,152908
0.30428725,0.089501716,-0.42145196,138831
-0.21529245,0.07420634,-0.41875267,309185
-0.20489173,0.18604204,-0.4187599,229529
-0.1657065,0.18993379,-0.40821072,17951
-0.09876061,0.270211,-0.4144615,109179
0.25290468,0.19467777,-0.5273333,202196
0.20462777,-0.032243986,-0.41209474,93234
0.09945031,0.27122426,-0.4072453,114524
-0.04144555,0.26511553,-0.5881766,78997
0.0834705,-0.24605273,-0.4191995,368544
-0.22844252,-0.035902787,-0.4147431,10799
-0.13936491,0.27753702,-0.41266507,53999
0.23875463,-0.1579232,-0.4160122,397198
-0.1646428,0.1605238,-0.4198186,17824
-0.027293095,0.16787656,-0.40849185,448201
-0.020028915,0.2331618,-0.4087033,2500
-0.21578185,0.15132736,-0.4122371,228483
0.2436742,0.3030745,-0.41591343,48508
-0.060389493,-0.067295305,-0.42736626,16431
0.26103592,0.19436401,-0.624312,20728
-0.03416123,-0.21477057,-0.42385295,98371
-0.051766407,0.31536612,-0.4123643,119187
-0.04816632,-0.00030087118,-0.691411,14337
-0.15397084,0.047177333,-0.4217942,91966
0.06474193,0.3518351,-0.40876308,423525
0.21167055,0.36544868,-0.4076741,90416
-0.13166003,0.2957805,-0.41054928,429553
-0.04277106,-0.1979595,-0.41510373,289603
-0.11996387,0.15874128,-0.41245016,124942
-0.021921435,0.22874951,-0.71225053,3604
0.028286962,0.372728,-0.41148812,371204
0.23530933,0.34870037,-0.40699562,258266
0.17171298,-0.014330754,-0.4097809,253978
0.077921,0.056465648,-0.68863696,14433
-0.22351013,0.037336692,-0.42127287,20822
0.28598204,0.19228214,-0.41653717,123412
0.29285085,0.1300327,-0.40788358,357523
-0.06639646,0.26345608,-0.6536411,499041
0.3542326,0.2129413,-0.41324535,189827
0.037259113,0.11237343,-0.7013568,147094
0.28426775,0.18180963,-0.4079923,478409
0.3568492,-0.103908844,-0.41348726,467761
0.12968193,0.31021735,-0.4157764,178470
0.07080589,-0.15292114,-0.42909798,236539
-0.12043891,-0.049796302,-0.66920257,174764
0.33290577,0.18361129,-0.41444573,470886
0.07534314,0.069471456,-0.6907519,123531
-0.17239493,0.064275935,-0.41494545,470672
0.026280744,-0.09967303,-0.41795456,289788
0.07526484,-0.13960837,-0.4122775,96020
0.05218977,-0.23265184,-0.42313895,447120
-0.12377899,-0.05362607,-0.6671766,425038
-0.07833531,0.22723897,-0.42053533,49902
-0.08069962,0.34540358,-0.40903288,428070
0.20944819,0.35371715,-0.40342864,25094
-0.17784625,-0.10384656,-0.4222561,188180
0.22664145,-0.072036155,-0.41915035,80352
0.15360136,-0.1504931,-0.4149394,128598
-0.21487069,0.18967935,-0.41838363,241474
0.23797393,0.0633846,-0.7174968,2303
-0.0371009,0.2952099,-0.4139593,82285
0.10216652,-0.09411313,-0.4140546,1024
-0.04991339,-0.093297385,-0.43562385,26001
-0.057659954,0.25212678,-0.6763216,2417
-0.12715694,0.04558946,-0.42330775,115354
0.26047885,0.2496057,-0.41275856,153687
0.053443186,-0.23363711,-0.42379048,365931
-0.16827671,-0.12283774,-0.418403,455009
0.37358183,0.1463963,-0.42049387,302584
0.050744187,0.38676426,-0.40833193,31888
0.14645576,0.3503984,-0.40774116,58705
0.30208293,0.24281959,-0.41370717,226628
0.21854769,-0.18845399,-0.41511434,59230
-0.19788903,0.0755959,-0.42167222,117122
0.31382936,0.20226686,-0.41365647,479600
0.29024333,0.19620097,-0.43450058,497582
0.32668313,0.21971637,-0.4063937,480317
-0.1427008,0.16192383,-0.41884717,128843
0.041301977,-0.23970616,-0.42632926,97986
-0.14279023,-0.1422785,-0.42231917,92168
0.22098045,-0.017889423,-0.42067116,48004
0.04257105,0.27501667,-0.40492335,20878
0.33835468,-0.016160257,-0.4328477,492641
-0.17797999,0.19248044,-0.41083935,321502
0.21326664,-0.2342714,-0.4133659,274813
0.013289681,0.31845543,-0.4160655,179238
0.12435021,0.36638385,-0.41042235,102670
0.1034799,0.29627848,-0.4041788,327944
0.1129445,-0.12328957,-0.4146917,271153
-0.19889686,0.22503395,-0.41287768,227249
-0.17900683,-0.088070996,-0.42554873,36712
-0.2284702,-0.0501794,-0.41537055,467403
-0.05107663,-0.033944488,-0.742748,102530
0.1166308,-0.21940371,-0.4245417,406986
-0.05417336,0.2054135,-0.4159447,190514
-0.0056278277,-0.10213355,-0.4363106,493981
-0.028135546,0.380398,-0.40477553,29622
0.1624953,-0.2430617,-0.4181575,188456
-0.17634173,-0.08357655,-0.41931835,91875
-0.19070071,-0.120029226,-0.4154479,84190
-0.009177817,0.3551246,-0.4011602,200745
-0.13654731,0.068590984,-0.41164243,42316
0.15653796,0.2800105,-0.4202039,24939
-0.09754857,-0.0072514196,-0.41350165,321332
-0.027615972,-0.18635352,-0.41675344,6121
0.07879743,-0.09587736,-0.41159365,176090
0.17892748,-0.08206846,-0.71791345,9659
0.37289995,0.1718879,-0.4111859,237262
-0.08921732,-0.15546001,-0.4226211,36823
0.0020058446,0.30154756,-0.4165714,54377
0.21037468,-0.18177477,-0.41012946,373403
-0.13609983,0.13024506,-0.40957603,213911
0.109150596,-0.09539577,-0.42138147,50282
-0.21541426,0.1611537,-0.41878,234877
-0.016782368,0.17727162,-0.6996678,390372
-0.11928902,-0.06889568,-0.68103546,3597
0.29218286,-0.012236412,-0.418171,296072
0.021761233,0.25670233,-0.41538042,406758
-0.05699551,0.13809597,-0.4083762,226556
0.19140477,0.0826127,-0.7671307,114224
0.025878455,-0.10656872,-0.42045736,188413
-0.07977444,-0.15417267,-0.42380393,144755
0.0945987,-0.20085542,-0.41795054,252874
0.24486484,0.3026023,-0.41352835,63721
-0.034681812,0.2555754,-0.5758613,274049
-0.06408179,-0.20491453,-0.4231524,79912
0.054616094,-0.109023355,-0.4164683,408393
0.11164464,0.23402843,-0.416207,18141
-0.05765732,0.28043088,-0.69599956,144397
0.3486325,0.23941262,-0.40663373,473231
-0.13111562,-0.05209156,-0.6703766,472349
0.29371175,0.13984278,-0.71877325,99620
0.25039294,-0.15653266,-0.41529197,252654
0.24498285,0.13287309,-0.42165706,2319
0.079534836,-0.24525723,-0.41710725,187695
-0.050069902,0.2646136,-0.41390708,76294
0.111742616,-0.116896555,-0.41499227,232289
0.21534215,-0.09496314,-0.41719064,91466
-0.06431636,0.30907544,-0.69856143,365290
-0.11501639,0.086614035,-0.41789418,221228
-0.08209395,0.060507502,-0.43600804,298847
0.08533251,-0.23777771,-0.41681486,224016
-0.054704793,0.24384387,-0.59419066,185255
0.35375112,0.04850037,-0.4355342,179850
-0.19075494,0.10234552,-0.41935772,162120
-0.14994732,-0.08806057,-0.6978115,161073
0.085676655,0.24505576,-0.4133009,194449
0.20015335,0.20181605,-0.40609562,467222
-0.10730803,-0.13552171,-0.4260371,49795
0.03524444,-0.06982916,-0.41565216,469279
-0.19542345,0.18416345,-0.41645873,214233
0.2661682,-0.06001584,-0.41297898,13159
-0.017636986,0.21555363,-0.4061547,246129
0.19722106,0.02107344,-0.40843743,267898
0.38959414,-0.025592176,-0.4156864,258978
0.061914727,0.37948337,-0.40674302,343437
0.15722638,0.38569424,-0.40476924,471912
-0.13653539,-0.08745313,-0.70048034,266387
0.34030354,0.21238364,-0.40641055,331584
0.068552464,0.35596183,-0.41028303,113889
-0.17871848,-0.07632338,-0.41712287,447198
-0.12171056,-0.06806301,-0.5473813,291832
-0.009985816,0.32402232,-0.7186314,84231
-0.08629615,-0.19350621,-0.42096776,43277
0.21556936,0.21787395,-0.40750176,412304
-0.11156703,0.30918857,-0.73031497,275047
-0.2039956,0.089236796,-0.41142118,1736
-0.043256566,-0.050036494,-0.41917995,113642
0.36923137,-0.07301216,-0.4106565,281640
0.31079584,0.24957503,-0.40552318,273458
-0.10387096,-0.05126561,-0.4670628,100158
0.028513478,-0.09010194,-0.41644344,474424
-0.13529904,0.16010097,-0.41813096,375884
-0.11028832,-0.06543919,-0.55056226,20680
0.12944603,0.25629297,-0.40493926,333987
-0.045440696,0.27219996,-0.6124079,69022
0.3373814,0.18796767,-0.40685806,142944
0.05962553,0.26341376,-0.4150073,175523
-0.114541285,0.3085953,-0.72256243,223931
-0.056014262,0.19998276,-0.40530956,308424
0.21495175,-0.100359164,-0.4146551,350507
0.014416477,0.35126644,-0.40387258,126209
-0.12128393,0.028708365,-0.4292515,37562
0.21906972,-0.12396346,-0.41866758,74874
0.29232574,-0.045568664,-0.41860485,253675
-0.0943318,0.18031491,-0.4139996,430295
0.33326682,0.17443055,-0.41038898,476736
0.021311399,0.37283108,-0.40884548,175355
0.1807257,0.2743261,-0.41336772,39332
-0.043568566,0.1903876,-0.40907595,286590
0.25048095,0.19780293,-0.62287354,307034
0.16350868,-0.09415337,-0.41161776,301256
0.2924007,-0.01873015,-0.41894943,238292
0.005596602,-0.06951386,-0.42094365,14991
0.21550836,0.35001075,-0.40829012,125820
0.11374679,0.3825641,-0.40305144,188356
0.19755533,0.328722,-0.41263804,79896
0.3926785,0.06161052,-0.40958098,261033
0.25075227,0.18814634,-0.41593808,163467
0.2970665,0.056392223,-0.41452032,412128
0.18083902,-0.20716405,-0.41468266,97067
0.105111666,0.36494064,-0.41474894,83328
0.05722805,0.39586553,-0.40375215,485780
0.20676005,-0.15564029,-0.7072847,320165
-0.038495146,-0.10017008,-0.41651052,209277
0.19084196,-0.09507677,-0.72066295,16018
-0.23480287,0.14608116,-0.418443,241355
-0.20524903,-0.085258946,-0.41483834,90397
0.28791207,-0.03173078,-0.4442758,86633
-0.021229906,0.3784846,-0.4020756,469004
-0.11635443,0.30460674,-0.72624296,237781
-0.03601871,0.13761994,-0.73220223,90148
0.16464342,0.15408304,-0.40643567,472207
0.05754375,0.38851956,-0.4037476,82196
0.25768948,0.29484662,-0.41073808,246955
0.03142027,0.23665431,-0.4191151,27136
0.26563317,-0.11190356,-0.4242801,374076
-0.21819067,0.12371301,-0.409583,4954
0.092968464,0.33537984,-0.41480845,11090
-0.116331026,0.31267336,-0.41209245,234767
0.2659162,-0.050053548,-0.41485298,43624
-0.15422578,-0.09737277,-0.71398985,144396
0.09485305,-0.2511442,-0.41449222,81678
-0.0929389,-0.15285556,-0.41634178,256452
0.27016887,0.1872106,-0.46102512,12390
0.31644744,-0.009051552,-0.40901545,282909
-0.0132951345,-0.06622408,-0.42695096,69192
0.03553486,0.14171883,-0.70308477,66735
0.1610729,-0.03449912,-0.69833505,10766
0.2985731,0.23043896,-0.40591902,92505
0.0054607987,-0.23757406,-0.4254856,223941
0.32834202,-0.105137244,-0.41411743,419983
0.26337495,0.19275713,-0.48450664,201776
-0.14744832,0.17599751,-0.419751,58911
0.09424573,-0.1655997,-0.42814988,130053
0.3263054,-0.057385746,-0.42843193,218933
0.062222127,0.391981,-0.40704098,19786
0.12885712,-0.19857697,-0.42188013,98274
0.2156493,0.22117667,-0.42460272,155834
-0.0047145276,0.009947906,-0.70690376,74883
0.016719475,0.31657842,-0.41386214,4655
-0.23999237,0.022285534,-0.41442624,445724
0.19284175,0.30655456,-0.40869948,34402
-0.08949511,-0.12425173,-0.4218414,58891
-0.09804554,0.2849855,-0.4049418,484270
0.16094926,-0.06301758,-0.40964943,479952
0.17534053,-0.21237108,-0.41736144,269496
-0.08488437,0.21677257,-0.4015323,498514
-0.20040227,0.10020771,-0.41336474,26969
0.28296292,-0.0026230235,-0.41924876,258951
-0.056758728,0.25390908,-0.41173154,103565
-0.1237186,-0.08824926,-0.41588995,475140
0.17779507,-0.14794269,-0.42610157,64423
-0.023400648,-0.0938815,-0.4333475,190511
0.17888108,-0.24606936,-0.41789547,258071
-0.23770599,0.17667744,-0.41389441,90045
0.04559075,-0.13144168,-0.42076913,302283
0.060436815,-0.26047426,-0.41866943,472248
0.044428658,-0.263118,-0.41795135,481289
0.026659539,-0.24529208,-0.42030087,188494
-0.048792534,0.25406176,-0.45873275,206333
0.34510687,0.25030684,-0.40622553,106203
-0.07607926,0.34290293,-0.40378225,16476
-0.09597191,0.18094097,-0.41124636,315454
-0.06931687,0.13047197,-0.42962682,436481
-0.13325565,0.060702972,-0.43910182,92909
-0.001869682,-0.103268,-0.41578,49368
-0.16622856,-0.12447489,-0.4164704,484911
0.13200828,-0.083880134,-0.41523504,257688
0.32770482,0.11384746,-0.43179107,104040
0.19801708,-0.1505266,-0.41839117,91152
-0.014348938,0.227888,-0.41050938,399754
-0.24013977,0.15248667,-0.41803414,396590
0.24856047,-0.17906947,-0.41305265,338052
0.29832944,-0.057205874,-0.7187156,1125
-0.04831121,0.2931954,-0.40515453,94211
0.20170088,-0.12444603,-0.48560914,196415
0.25260887,-0.18935257,-0.4163706,430364
-0.23554797,0.14811522,-0.41126567,270397
0.18052472,-0.22704658,-0.41786543,190374
0.17444071,-0.02737428,-0.41485465,397892
-0.095072985,-0.14480124,-0.42380583,20339
-0.07073467,0.20430323,-0.412443,284124
-0.12209936,-0.17964153,-0.41549885,434007
0.2146283,-0.069329455,-0.42480808,52103
-0.111119635,-0.04410391,-0.70305735,85861
0.37903103,0.061492506,-0.4082758,499418
0.29529944,0.057225205,-0.45049638,253573
0.15875003,0.29822946,-0.40294266,30613
0.32547525,-0.088271774,-0.41923955,493031
-0.2162827,0.16401365,-0.4153087,91170
-0.05239044,0.27921548,-0.7155605,6582
0.17168586,-0.22454776,-0.4126739,68742
0.21372661,-0.12305132,-0.67292756,331936
-0.09466726,0.048205033,-0.45796663,185318
0.18012899,-0.22540477,-0.41500756,457669
0.0721132,0.08964978,-0.70337373,8099
-0.07301582,0.29835978,-0.40986308,139100
0.22054978,0.11803155,-0.41304138,145053
-0.15468405,-0.11635854,-0.41482925,306114
0.022690248,0.3850934,-0.40572158,175618
-0.058009036,-0.21342236,-0.41673842,10859
-0.20416687,-0.021091541,-0.42214546,34335
0.2105958,-0.0071893767,-0.4207368,41992
0.005595876,-0.05079601,-0.4109279,230046
0.29321498,0.14093663,-0.719054,290626
-0.06714541,0.262177,-0.6290275,499894
-0.1433272,0.15588446,-0.42328036,80291
0.23305304,0.16905715,-0.4189402,314593
-0.068445034,0.26182362,-0.6231551,493286
0.18172428,-0.13399477,-0.41243595,97929
0.16802631,0.20043138,-0.41826797,37981
0.060958516,-0.21773277,-0.42581636,219818
0.1503698,-0.1591916,-0.42775378,17832
0.3499331,-0.03383413,-0.4269052,236738
-0.11781393,0.09426679,-0.41020584,10713
0.12226338,-0.18007556,-0.41406402,411834
0.18685241,-0.16060813,-0.42069086,42019
0.17234051,-0.053081363,-0.69554925,146049
-0.16491513,0.13374019,-0.41942143,129233
0.09217665,0.06562559,-0.70346326,5290
-0.1491744,0.18388598,-0.41849697,456418
-0.2227659,0.0024232026,-0.4217792,45993
0.1365357,-0.029298175,-0.71077627,2232
-0.16853616,-0.12225129,-0.411735,482736
-0.041472714,-0.054247353,-0.41374156,475291
0.26547876,-0.17938298,-0.4099416,479360
-0.15263247,-0.15478827,-0.41473305,277489
0.27741933,0.15568584,-0.40657333,85939
0.022141576,0.37089485,-0.41224995,125771
0.3914235,0.13678549,-0.4127561,199165
0.026103798,0.36819848,-0.41384497,69200
-0.055636168,0.25386584,-0.6631852,4318
0.09385111,0.2892372,-0.40666386,49742
0.28695396,-0.054651324,-0.42921722,212820
0.072835505,0.34698012,-0.41460577,39504
-0.014036108,0.008736522,-0.6917959,366577
0.30627677,0.22874574,-0.417152,252735
-0.114251524,-0.18482496,-0.42176238,252329
-0.24376282,0.12300539,-0.41189393,267693
0.3963959,0.13034011,-0.41257882,220594
0.006410172,0.3784744,-0.4078245,125149
0.31110665,0.0027541022,-0.41772273,499797
0.11647969,0.38717037,-0.41061544,175636
0.23124757,-0.05805567,-0.7195564,1869
-0.0036475663,-0.10377952,-0.4225288,238249
-0.21646646,0.19123502,-0.4175981,283375
-0.05513813,0.19511093,-0.40666786,174893
-0.090325505,0.24882643,-0.4174619,50789
0.15966037,0.2293621,-0.41547403,7836
0.21382914,-0.12648085,-0.6564113,401158
0.043577462,0.0843086,-0.7218972,2469
0.37947586,0.18086368,-0.40967256,209690
0.28490713,-0.13107131,-0.40924078,144765
0.19244936,-0.18042351,-0.42236325,222006
-0.13017905,0.07582413,-0.42981145,385031
-0.0009724351,0.19967774,-0.68543875,382413
0.15038693,-0.050930507,-0.6900124,287425
0.019964788,0.24671538,-0.4141469,27682
0.0077252756,0.20621333,-0.72811335,105424
-0.12026952,-0.06850058,-0.5853338,84158
-0.11988612,-0.07045104,-0.49903032,179191
-0.100773685,-0.02837499,-0.43857652,456537
0.3358369,0.032649156,-0.4087851,9862
0.087178834,-0.23859826,-0.41882652,215197
0.319591,0.1332926,-0.41460335,225946
0.34159052,0.20030165,-0.41046512,217771
0.018138787,-0.055232204,-0.41259316,160703
0.19723432,-0.12602729,-0.5902688,7941
0.023545869,0.30695492,-0.4272462,122463
0.14518285,-0.22518969,-0.41320017,483674
0.13399358,-0.25400293,-0.41622,135621
-0.11690332,-0.07156575,-0.49914694,379184
0.29144546,0.25966302,-0.40884396,131287
0.26511025,-0.18140712,-0.40910175,486035
0.030196698,-0.08831671,-0.41839954,227008
-0.16469537,0.19390526,-0.41723898,38284
-0.16467062,-0.09880684,-0.42911625,351042
-0.10668083,0.22093889,-0.40629742,89805
0.3050537,-0.09065655,-0.40987542,350153
0.025593113,0.3340213,-0.4072031,469496
0.12828346,-0.13848867,-0.4224265,206533
0.31746295,-0.0543751,-0.4174507,359441
-0.120167844,-0.0274738,-0.4237227,93229
0.087944925,-0.14609556,-0.42327377,75305
-0.12006745,0.2990681,-0.41092366,235903
0.37313047,0.1715909,-0.41042042,330861
0.27835432,0.32777154,-0.4062102,482449
-0.099283494,0.24722815,-0.43635643,41275
-0.20866238,0.18755658,-0.41717342,295095
0.057803363,0.30381936,-0.41465536,54119
-0.02064828,0.18687956,-0.40808553,144751
0.2330381,0.031802006,-0.42775825,29009
-0.2310615,0.09117861,-0.41913062,78739
0.13561696,-0.10820597,-0.41089305,324870
0.35024104,0.15202266,-0.42948627,140880
0.041193537,-0.18658154,-0.414701,189066
0.29749835,-0.15525895,-0.41823626,63669
0.3450192,-0.09861728,-0.41315272,427400
-0.19541728,0.033740856,-0.4293977,74156
0.27576438,0.22035061,-0.40920332,207832
-0.13100286,0.14998059,-0.40898734,31369
0.092029825,0.18812265,-0.76054054,201885
0.3240871,0.125282,-0.41633973,241681
0.39356348,0.14523578,-0.4111605,174637
0.38980773,0.07421391,-0.41678682,9925
-0.16245246,0.10471235,-0.42164958,44357
0.110053815,0.03611365,-0.6866928,231843
0.24169809,-0.1624379,-0.4229256,129357
-0.0779352,0.08126422,-0.4090657,4534
0.13043985,0.19297744,-0.40548718,225928
-0.05244639,0.24227035,-0.4747364,100237
0.3423508,0.2117179,-0.41030824,402257
0.35616454,0.23230065,-0.41195112,26856
-0.034524288,-0.089015275,-0.4155548,281323
-0.16264908,0.25002536,-0.41253802,74377
0.036347665,0.31606856,-0.41006443,296290
0.04471533,0.25157028,-0.41977656,48058
0.21190532,0.20211416,-0.41611078,358712
-0.060527865,0.26274142,-0.5729442,420523
0.042363647,0.21255657,-0.4071277,223323
0.03532696,0.27151537,-0.40471897,2091
-0.08696518,0.0833115,-0.41010395,33955
-0.123431005,-0.062493153,-0.47870326,318612
-0.17486835,-0.059094843,-0.4222961,41355
-0.16102612,0.16347578,-0.40822488,97509
-0.1367772,0.124821715,-0.41994467,18901
0.21740976,-0.11811595,-0.4093665,244576
0.27517453,0.15197892,-0.43648815,303266
-0.01695227,-0.23673353,-0.4193805,210303
0.30915898,-0.017030573,-0.4456042,138549
0.28967032,0.2717699,-0.42529228,44364
0.06535645,0.38067487,-0.4088343,39533
-0.07536682,0.2483553,-0.7189204,3492
-0.086859845,0.34430405,-0.40187702,139140
-0.1869615,0.266287,-0.4058983,468595
-0.07691736,-0.1489783,-0.42448792,45958
0.24817908,0.14570479,-0.40762812,311632
-0.19132215,0.09301189,-0.42367435,175326
-0.07548185,0.009504215,-0.41103965,20549
-0.17110863,-0.012692319,-0.41769853,491405
0.19895206,0.09284494,-0.41130137,466972
0.182314,0.365905,-0.41160083,26399
0.038663473,-0.22316074,-0.41969955,273332
-0.081374496,0.31384122,-0.7165934,23968
0.08262088,0.28921425,-0.41440147,62292
0.0842865,-0.2163563,-0.41956836,256042
-0.10392738,-0.021293547,-0.42978606,25474
-0.102304205,-0.19194004,-0.41763434,450185
-0.108494416,0.21848409,-0.40930375,17959
0.10000513,0.263858,-0.41168413,254675
0.22737364,-0.094237715,-0.41746837,200860
0.03635011,-0.06195042,-0.4119907,214013
-0.1382451,0.27080148,-0.40542817,476148
0.26283443,0.17630443,-0.4207587,120580
0.18911321,-0.09231107,-0.4087668,217888
0.21456227,0.26934385,-0.42601696,48227
-0.21279319,-0.060239814,-0.4155074,49353
-0.029225666,0.30836117,-0.40294042,442574
0.102127425,0.24605988,-0.410777,14398
-0.11177336,0.008504162,-0.41319224,209889
0.36496186,0.21208912,-0.4105214,92459
-0.046030845,-0.22527255,-0.4158116,29535
0.049507692,-0.09134145,-0.4107977,475686
0.19905339,-0.13728237,-0.49198428,378400
-0.02125778,0.008576569,-0.7130051,105074
0.16357052,0.1983247,-0.4071237,466832
0.3919577,0.025948279,-0.41742587,33937
0.25415805,-0.1658112,-0.4097954,454862
0.058273025,0.30501682,-0.41660735,68878
0.24135925,0.157829,-0.40662012,402138
-0.01343957,0.16813646,-0.7007866,380786
0.09525871,-0.08987095,-0.4230974,165275
0.14127472,-0.12536922,-0.4138096,420274
0.3061897,0.089389876,-0.42281502,260068
-0.19360241,0.030238636,-0.4215974,42465
0.19000657,-0.038912285,-0.41360813,34004
0.06914621,0.22808433,-0.41160777,336542
0.2103864,-0.031775504,-0.41328987,78953
-0.21145959,0.10824953,-0.41558206,394805
-0.1744385,0.25432357,-0.41345155,255432
0.10101824,-0.09624305,-0.40947115,464434
-0.20543234,0.19460107,-0.41781142,175410
0.07156601,-0.19376118,-0.42241263,33391
-0.00029573197,0.1664985,-0.68622285,285668
0.0043621147,0.25960344,-0.41170377,183453
0.096973635,0.2971639,-0.4182871,337681
0.23988391,0.22236302,-0.41388023,162710
-0.0818699,0.29692507,-0.41084656,354939
0.30340594,0.2965781,-0.40555197,469410
-0.0071980567,-0.10503412,-0.41256684,36846
0.21753195,-0.08550393,-0.42856118,335069
-0.10137036,-0.06128602,-0.5065905,376845
0.08664552,-0.24174784,-0.41786954,238398
-0.06387704,0.3001246,-0.6906463,73800
0.0077564,0.31731772,-0.40492827,79800
0.0020706237,-0.15323342,-0.72732884,135677
-0.00688921,-0.11322258,-0.43080753,169370
-0.044795513,0.29772052,-0.40791157,279733
0.10523043,-0.14868127,-0.43269062,8480
0.071532644,0.26717803,-0.41450483,226645
0.3162172,0.17972057,-0.43016988,257302
0.20166713,0.33218056,-0.40825236,260141
0.1972817,0.13313687,-0.6872234,274985
-0.029830879,0.15531956,-0.40762672,1984
-0.17878217,-0.030172326,-0.42534223,145491
0.38738856,0.15056728,-0.41297072,53956
0.022522524,0.30819768,-0.4151057,36386
0.12286155,-0.12663196,-0.41469482,59798
-0.16327333,-0.06886129,-0.41652405,337705
0.004285838,0.25303683,-0.41098166,94814
-0.08384378,0.18731804,-0.41803062,157748
0.17758796,-0.2217137,-0.41550684,370788
0.26745856,0.2076977,-0.50799024,219456
0.3717942,-0.07385235,-0.41006702,372804
0.25602165,0.16476172,-0.40787944,484240
-0.053979,-0.039980672,-0.42907268,298509
-0.12493649,0.29755488,-0.4133981,241005
-0.02165582,0.007983171,-0.707628,379571
-0.18515177,0.22391322,-0.41826653,92539
-0.030469289,-0.15418719,-0.41451594,357323
0.2145752,-0.12644579,-0.51623493,152668
0.1519716,0.22766304,-0.41872495,435405
-0.08300151,0.11468195,-0.4103207,238817
0.20594646,-0.22912309,-0.41240808,79537
0.34269702,0.24210058,-0.4065768,126850
-0.09217185,-0.11355243,-0.42427856,68970
0.23405755,0.3340581,-0.4078472,229677
0.3316407,0.07320102,-0.44264615,405845
-0.121173285,0.2524005,-0.7237932,114319
0.14818634,0.28088507,-0.40383354,275019
0.29150805,0.16833696,-0.4332112,157228
0.017459404,-0.23784041,-0.420834,443676
-0.15257797,-0.1387396,-0.42519015,232418
0.08244474,-0.24858175,-0.42149737,238080
0.18907858,0.1287641,-0.40783805,144548
-0.08151328,-0.18323885,-0.4151419,219653
0.24437873,0.25862938,-0.76362467,28086
-0.013445169,0.29829386,-0.41355526,59669
0.030356646,0.22367117,-0.41574472,227593
-0.12780789,-0.056085866,-0.580553,84066
-0.03304905,0.22899485,-0.6967573,360725
0.2401494,0.22879083,-0.41659528,202848
0.045343522,-0.19632773,-0.42854607,417380
-0.05077485,0.16656746,-0.41390866,139111
0.30113703,0.19252944,-0.42228785,319094
-0.22247903,0.16489528,-0.41688165,241529
-0.24533051,0.117686994,-0.41993013,399347
0.27759376,-0.17433782,-0.7159719,78736
0.20985937,0.2646885,-0.4225624,86216
0.08855075,-0.23567641,-0.4182321,235480
0.27013725,0.17682147,-0.40740368,330421
-0.051798537,0.29723915,-0.41278058,17877
-0.20367984,-0.07458068,-0.4199251,251700
0.100547865,-0.26141927,-0.42004088,91617
-0.09041716,-0.033750936,-0.7511624,38378
